Student,Model,RMSE
etayn,model01,0.5490711366890861
gsimchoni,model01,0.6316467
OrFaina,model01,1.3729257759588631
