Student,Model,RMSE
amosNN,model01,0.49055102402286993
OrFaina,model01,0.5252813398209482
etayn,model01,0.549071137
ilanabog,model01,0.6068660203111843
etayn,model02,0.610102543
gsimchoni,model01,0.6316467
