Student,Model,RMSE
OrFaina,model01,0.5252813398209482
etayn,model01,0.549071137
etayn,model02,0.610102543
gsimchoni,model01,0.6316467
