Student,Model,RMSE
etayn,model01,0.5490711366890861
etayn,model02,0.6101025426145774
gsimchoni,model01,0.6316467
OrFaina,model01,1.3729257759588631
