Student,Model,RMSE
gilaltman8,model01,0.5558890803140937
gsimchoni,model01,0.6316467
Sophiep1103,model01,0.7478759012265053
