Student,Model,RMSE
aviv_elad,model01,0.5453598493976737
yuvalnokrian,model02,0.553480014
yuvalnokrian,model01,0.554252098
gilaltman8,model01,0.55588908
gali1998,model1,0.5786018209485546
Sophiep1103,model03,0.579445767
gilaltman8,model03,0.581227338
gilaltman8,modelg,0.5816439352446787
gsimchoni,model01,0.6316467
Sophiep1103,model02,0.718606943
Sophiep1103,model01,0.747875901
