Student,Model,RMSE
amosNN,model01,0.49055102402286993
roihezkiyahu,model01,0.4999043808041325
amosNN,model02,0.5066642523012056
OrFaina,model02,0.5072125041263624
etayn,model03,0.5127792787291873
amosNN,model03,0.5167468028851039
OrFaina,model01,0.5252813398209482
etayn,model01,0.549071137
ilanabog,model01,0.6068660203111843
etayn,model02,0.610102543
yuvalAlfia,model01,0.6189472373906013
nivshazar,model01,0.6309239428935343
gsimchoni,model01,0.6316467
