Student,Model,RMSE
yuvalnokrian,model01,0.5542520978868912
gilaltman8,model01,0.5558890803140937
gsimchoni,model01,0.6316467
Sophiep1103,model02,0.7186069428800061
Sophiep1103,model01,0.7478759012265053
